{"cameraMode":{"drawMode":0,"name":"Shaded","section":"Shading Mode"},"sceneLighting":true,"audioPlay":false,"sceneViewState":{"m_AlwaysRefresh":false,"showFog":true,"showSkybox":true,"showFlares":true,"showImageEffects":true,"showParticleSystems":true,"showVisualEffectGraphs":true,"m_FxEnabled":true},"in2DMode":false,"pivot":{"x":1.4916225671768189,"y":3.351893663406372,"z":-0.7200472354888916},"rotation":{"x":-0.15924474596977235,"y":0.08311432600021362,"z":-0.01345520094037056,"w":-0.983643651008606},"size":0.23571819067001344,"orthographic":false}